"시도별","산업별",2020,2020,2020,2020,2020,2020,2020,2020,2020,2021,2021,2021,2021,2021,2021,2021,2021,2021,2022,2022,2022,2022,2022,2022,2022,2022,2022
"시도별","산업별",사업체수 (개),종사자수 (명),사회복지사 (명),보육교사 (명),요양보호사 (명),특수교사 (명),재활치료사 (명),장애인활동지원인력 (명),기타 (명),사업체수 (개),종사자수 (명),사회복지사 (명),보육교사 (명),요양보호사 (명),특수교사 (명),재활치료사 (명),장애인활동지원인력 (명),기타 (명),사업체수 (개),종사자수 (명),사회복지사 (명),보육교사 (명),요양보호사 (명),특수교사 (명),재활치료사 (명),장애인활동지원인력 (명),기타 (명)
"전국","합계",79176,1158054,134454,272537,354263,4085,7662,70665,314388,82141,1235529,144922,270251,382597,5410,8885,84166,339299,85361,1299097,151286,260580,430622,2755,7243,96408,350202
"전국","사회복지 서비스업",79176,1158054,134454,272537,354263,4085,7662,70665,314388,82141,1235529,144922,270251,382597,5410,8885,84166,339299,85361,1299097,151286,260580,430622,2755,7243,96408,350202
"전국","거주 복지시설 운영업",10328,176143,37330,3659,87418,218,2497,2655,42366,10706,185507,39905,4192,90407,265,2749,1929,46060,11038,192000,40873,1101,98567,27,2621,2352,46459
"전국","노인 거주 복지시설 운영업",6866,137045,13332,2664,86321,96,1917,481,32234,7177,143737,13224,3112,89386,116,2193,639,35068,7500,149317,13887,-,97407,-,1999,293,35731
"전국","노인 요양 복지시설 운영업",6313,130162,12324,2609,83081,92,1836,443,29777,6645,136552,12286,3077,86072,114,2116,604,32284,6972,142615,12994,-,94143,-,1930,272,33277
"전국","노인 양로 복지시설 운영업",553,6883,1008,55,3240,4,81,38,2457,532,7185,938,36,3314,2,76,35,2784,528,6702,893,-,3264,-,69,21,2454
"전국","심신 장애인 거주 복지시설 운영업",1871,24988,14907,174,823,68,549,2118,6349,1868,26263,16337,153,842,109,527,1228,7067,1850,26835,16493,134,1015,-,604,1913,6676
"전국","신체 부자유자 거주 복지시설 운영업",1046,14904,8834,144,597,28,371,1672,3258,1062,15878,9803,124,528,63,354,920,4085,1055,16410,9675,134,805,-,408,1663,3726
"전국","정신 질환, 정신 지체 및 약물 중독자 거주 복지시설 운영업",825,10084,6073,30,226,40,178,446,3091,806,10385,6534,29,314,45,172,309,2981,795,10425,6818,-,211,-,196,250,2951
"전국","기타 거주 복지시설 운영업",1591,14110,9091,821,274,54,31,56,3783,1661,15507,10345,927,179,40,29,62,3925,1688,15848,10493,967,145,27,18,146,4052
"전국","아동 및 부녀자 거주 복지시설 운영업",1327,11472,7946,814,89,30,14,56,2523,1400,12980,9037,919,90,27,18,57,2832,1432,13212,9330,967,-,27,12,133,2743
"전국","그 외 기타 거주 복지시설 운영업",264,2638,1145,7,185,24,17,0,1260,261,2527,1307,8,89,14,11,5,1093,256,2636,1164,-,145,-,7,13,1308
"전국","비거주 복지시설 운영업",68848,981911,97124,268878,266845,3867,5165,68010,272022,71435,1050022,105016,266059,292191,5145,6136,82236,293238,74323,1107097,110413,259479,332055,2727,4622,94056,303744
"전국","보육시설 운영업",34697,314618,6931,248965,1215,1686,500,99,55222,33349,312325,701,249817,150,2331,931,158,58236,32009,300926,109,247523,-,1136,-,-,52158
"전국","보육시설 운영업",34697,314618,6931,248965,1215,1686,500,99,55222,33349,312325,701,249817,150,2331,931,158,58236,32009,300926,109,247523,-,1136,-,-,52158
"전국","기타 비거주 복지 서비스업",34151,667293,90193,19913,265630,2181,4665,67911,216800,38086,737697,104315,16241,292041,2814,5205,82078,235003,42314,806171,110304,11956,332055,1591,4622,94056,251585
"전국","직업 재활원 운영업",1594,108269,8262,44,1114,300,411,12359,85779,1658,120650,8903,39,1207,301,370,13569,96261,1744,123078,9250,-,1398,143,277,14387,97623
"전국","종합복지관 운영업",5891,97432,28439,1813,2823,287,1356,13557,49157,6597,96388,31515,2330,2552,268,1231,15634,42859,6976,100706,33212,2214,3933,594,1240,15441,44072
"전국","방문 복지서비스 제공업",14781,353771,30164,14181,258974,576,562,16279,33035,15893,409879,36224,9688,285528,1088,781,28111,48458,17511,457271,41265,5457,323104,31,950,36851,49613
"전국","사회복지 상담 서비스 제공업",4889,21763,7412,199,63,709,1576,229,11575,5833,25110,9440,286,41,845,1878,283,12338,6791,27343,9088,554,40,592,1641,178,15249
"전국","그 외 기타 비거주 복지 서비스업",6996,86058,15916,3676,2656,309,760,25487,37254,8105,85670,18232,3899,2713,312,945,24481,35087,9292,97773,17490,3731,3580,230,513,27199,45028
"서울특별시","합계",12167,186016,20826,44583,52087,804,1122,15778,50816,12462,188846,22792,40971,52232,1719,1184,18197,51751,12702,199338,24697,40164,61316,801,775,19841,51744
"서울특별시","사회복지 서비스업",12167,186016,20826,44583,52087,804,1122,15778,50816,12462,188846,22792,40971,52232,1719,1184,18197,51751,12702,199338,24697,40164,61316,801,775,19841,51744
"서울특별시","거주 복지시설 운영업",1246,19779,4295,378,9040,20,282,754,5010,1229,18912,4592,222,8082,24,227,319,5445,1219,18547,4194,221,7989,-,270,401,5473
"서울특별시","노인 거주 복지시설 운영업",697,14080,1315,172,8921,2,199,27,3444,678,13352,1167,202,8075,2,122,156,3628,677,12725,1131,-,7755,-,217,19,3603
"서울특별시","노인 요양 복지시설 운영업",641,12918,1181,172,8531,2,178,19,2835,628,12220,1063,181,7795,-,112,148,2921,633,11833,1042,-,7450,-,201,11,3128
"서울특별시","노인 양로 복지시설 운영업",56,1162,134,0,390,0,21,8,609,50,1132,104,21,280,2,10,8,708,44,892,88,-,305,-,16,8,475
"서울특별시","심신 장애인 거주 복지시설 운영업",306,2941,1441,6,104,10,76,726,578,292,2889,1477,8,7,23,91,163,1120,286,2948,1467,-,174,-,53,382,873
"서울특별시","신체 부자유자 거주 복지시설 운영업",152,2190,929,4,99,8,48,713,389,148,2193,1011,8,7,23,69,107,969,145,2197,1056,-,143,-,45,378,575
"서울특별시","정신 질환, 정신 지체 및 약물 중독자 거주 복지시설 운영업",154,751,512,2,5,2,28,13,189,144,696,466,-,-,-,23,56,151,141,751,411,-,31,-,7,4,298
"서울특별시","기타 거주 복지시설 운영업",243,2758,1539,200,15,8,7,1,988,259,2671,1949,12,-,-,14,-,696,256,2874,1596,221,60,-,-,-,997
"서울특별시","아동 및 부녀자 거주 복지시설 운영업",204,2021,1312,200,7,4,7,1,490,216,2107,1653,12,-,-,12,-,429,213,2155,1362,221,-,-,-,-,572
"서울특별시","그 외 기타 거주 복지시설 운영업",39,737,227,0,8,4,0,0,498,43,564,295,-,-,-,2,-,267,43,719,234,-,60,-,-,-,425
"서울특별시","비거주 복지시설 운영업",10921,166237,16531,44205,43047,784,840,15024,45806,11233,169934,18199,40749,44150,1695,957,17878,46306,11483,180791,20503,39943,53327,801,505,19440,46271
"서울특별시","보육시설 운영업",5253,52031,1061,41282,124,312,35,32,9185,5038,50629,-,40249,-,480,160,117,9623,4774,49039,-,38899,-,333,-,-,9808
"서울특별시","보육시설 운영업",5253,52031,1061,41282,124,312,35,32,9185,5038,50629,-,40249,-,480,160,117,9623,4774,49039,-,38899,-,333,-,-,9808
"서울특별시","기타 비거주 복지 서비스업",5668,114206,15470,2923,42923,472,805,14992,36621,6195,119305,18199,500,44150,1215,797,17761,36683,6709,131752,20503,1045,53327,468,505,19440,36463
"서울특별시","직업 재활원 운영업",258,15971,1615,7,60,30,20,3732,10507,264,14710,1404,-,21,5,31,4075,9173,273,16364,1534,-,377,11,24,4719,9699
"서울특별시","종합복지관 운영업",828,18934,5631,225,214,78,266,2410,10110,918,16950,5635,295,441,56,150,2649,7723,965,18016,6409,474,332,363,244,2592,7602
"서울특별시","방문 복지서비스 제공업",2174,56401,4089,1996,42363,160,49,3393,4351,2316,65634,5712,20,43466,924,127,6206,9178,2476,73422,6844,139,52231,1,64,6689,7453
"서울특별시","사회복지 상담 서비스 제공업",1139,4880,988,49,14,136,367,10,3316,1318,5109,1299,-,-,173,370,-,3267,1499,5478,594,117,-,62,172,-,4533
"서울특별시","그 외 기타 비거주 복지 서비스업",1269,18020,3147,646,272,68,103,5447,8337,1379,16902,4149,185,221,55,119,4831,7342,1496,18472,5122,314,388,31,1,5440,7176
"부산광역시","합계",4444,77008,8185,14352,24868,363,387,5679,23174,4522,84531,8913,12700,28392,764,631,6873,26257,4798,90633,9197,15675,31025,77,332,6891,27436
"부산광역시","사회복지 서비스업",4444,77008,8185,14352,24868,363,387,5679,23174,4522,84531,8913,12700,28392,764,631,6873,26257,4798,90633,9197,15675,31025,77,332,6891,27436
"부산광역시","거주 복지시설 운영업",319,5424,1452,71,2479,41,72,27,1282,324,5720,1564,40,2623,51,148,49,1245,315,5578,1499,111,2476,1,93,3,1396
"부산광역시","노인 거주 복지시설 운영업",139,3806,301,45,2468,0,61,21,910,144,3965,282,-,2615,-,135,49,884,141,3861,310,-,2476,-,70,-,1005
"부산광역시","노인 요양 복지시설 운영업",127,3633,281,45,2393,0,61,21,832,131,3798,256,-,2531,-,133,49,828,130,3696,283,-,2387,-,70,-,956
"부산광역시","노인 양로 복지시설 운영업",12,173,20,0,75,0,0,0,78,13,167,26,-,84,-,2,-,56,11,165,27,-,89,-,-,-,49
"부산광역시","심신 장애인 거주 복지시설 운영업",67,731,505,0,2,29,11,6,178,67,787,570,-,-,36,13,-,168,63,813,596,-,-,-,21,3,193
"부산광역시","신체 부자유자 거주 복지시설 운영업",34,364,272,0,2,0,5,1,84,38,424,325,-,-,-,2,-,97,35,427,320,-,-,-,13,3,92
"부산광역시","정신 질환, 정신 지체 및 약물 중독자 거주 복지시설 운영업",33,367,233,0,0,29,6,5,94,29,363,244,-,-,36,11,-,72,28,386,275,-,-,-,9,-,102
"부산광역시","기타 거주 복지시설 운영업",113,887,646,26,9,12,0,0,194,113,968,713,40,8,15,-,-,192,111,904,593,111,-,1,1,-,198
"부산광역시","아동 및 부녀자 거주 복지시설 운영업",96,806,609,22,1,1,0,0,173,97,865,662,37,-,5,-,-,161,97,836,567,111,-,1,1,-,156
"부산광역시","그 외 기타 거주 복지시설 운영업",17,81,37,4,8,11,0,0,21,16,103,51,3,8,10,-,-,31,14,68,26,-,-,-,-,-,42
"부산광역시","비거주 복지시설 운영업",4125,71584,6733,14281,22389,322,315,5652,21892,4198,78811,7349,12661,25769,713,483,6824,25012,4483,85055,7698,15565,28549,76,239,6888,26040
"부산광역시","보육시설 운영업",1745,16062,403,12949,27,125,35,5,2518,1683,15885,-,11393,-,664,181,-,3648,1607,15239,-,13055,-,-,-,-,2184
"부산광역시","보육시설 운영업",1745,16062,403,12949,27,125,35,5,2518,1683,15885,-,11393,-,664,181,-,3648,1607,15239,-,13055,-,-,-,-,2184
"부산광역시","기타 비거주 복지 서비스업",2380,55522,6330,1332,22362,197,280,5647,19374,2515,62926,7349,1268,25769,49,302,6824,21365,2876,69816,7698,2510,28549,76,239,6888,23856
"부산광역시","직업 재활원 운영업",122,10200,706,0,34,7,26,1268,8159,120,13657,704,-,90,26,15,1176,11645,112,14491,707,-,96,-,8,1487,12193
"부산광역시","종합복지관 운영업",350,9200,2195,61,295,22,109,316,6202,389,8669,2721,84,11,8,110,1249,4485,403,8708,2596,59,701,8,103,740,4500
"부산광역시","방문 복지서비스 제공업",1070,28993,2197,963,21821,88,34,2096,1794,1127,33616,2574,849,25653,-,21,2764,1754,1239,39188,2805,2027,27655,-,-,3833,2868
"부산광역시","사회복지 상담 서비스 제공업",267,1300,503,21,5,46,81,1,643,330,1749,576,127,-,-,156,90,800,409,1977,903,46,-,68,116,-,844
"부산광역시","그 외 기타 비거주 복지 서비스업",571,5829,729,287,207,34,30,1966,2576,549,5235,773,208,15,15,-,1545,2681,713,5452,687,378,97,-,11,828,3450
"대구광역시","합계",3394,51923,6389,10841,16321,224,344,3799,14005,3462,57040,6600,10391,20453,74,457,4884,14181,3643,60210,7874,9808,21537,123,677,4979,15212
"대구광역시","사회복지 서비스업",3394,51923,6389,10841,16321,224,344,3799,14005,3462,57040,6600,10391,20453,74,457,4884,14181,3643,60210,7874,9808,21537,123,677,4979,15212
"대구광역시","거주 복지시설 운영업",456,8097,1748,203,3924,0,66,20,2136,459,8377,1864,64,4245,-,121,106,1978,469,8428,1968,38,4257,-,104,-,2062
"대구광역시","노인 거주 복지시설 운영업",312,6336,599,191,3863,0,55,19,1609,323,6397,577,-,4236,-,106,34,1445,328,6540,681,-,4240,-,92,-,1527
"대구광역시","노인 요양 복지시설 운영업",287,5992,556,165,3696,0,53,19,1503,301,6032,541,-,4005,-,99,34,1353,303,6159,636,-,4007,-,88,-,1427
"대구광역시","노인 양로 복지시설 운영업",25,344,43,26,167,0,2,0,106,22,365,36,-,230,-,7,-,93,25,381,45,-,232,-,4,-,100
"대구광역시","심신 장애인 거주 복지시설 운영업",60,1019,674,1,31,0,11,1,301,59,1059,662,-,9,-,11,70,308,61,1033,706,-,12,-,7,-,308
"대구광역시","신체 부자유자 거주 복지시설 운영업",39,868,586,1,25,0,11,1,244,38,899,566,-,3,-,11,68,251,39,878,607,-,6,-,6,-,259
"대구광역시","정신 질환, 정신 지체 및 약물 중독자 거주 복지시설 운영업",21,151,88,0,6,0,0,0,57,21,160,96,-,6,-,-,2,56,22,155,99,-,6,-,1,-,49
"대구광역시","기타 거주 복지시설 운영업",84,742,475,11,30,0,0,0,226,77,921,626,64,-,-,4,2,225,80,855,581,38,5,-,4,-,227
"대구광역시","아동 및 부녀자 거주 복지시설 운영업",65,497,355,9,27,0,0,0,106,63,596,431,59,-,-,-,-,106,67,628,464,38,-,-,3,-,124
"대구광역시","그 외 기타 거주 복지시설 운영업",19,245,120,2,3,0,0,0,120,14,325,195,5,-,-,4,2,119,13,227,117,-,5,-,1,-,104
"대구광역시","비거주 복지시설 운영업",2938,43826,4641,10638,12397,224,278,3779,11869,3003,48663,4736,10326,16208,74,337,4778,12203,3174,51782,5906,9770,17281,123,573,4979,13150
"대구광역시","보육시설 운영업",1239,12221,358,9857,30,140,48,5,1783,1188,12165,-,10126,-,-,-,-,2039,1175,11699,-,9708,-,-,-,-,1991
"대구광역시","보육시설 운영업",1239,12221,358,9857,30,140,48,5,1783,1188,12165,-,10126,-,-,-,-,2039,1175,11699,-,9708,-,-,-,-,1991
"대구광역시","기타 비거주 복지 서비스업",1699,31605,4283,781,12367,84,230,3774,10086,1815,36498,4736,201,16208,74,337,4778,10164,1999,40083,5906,63,17281,123,573,4979,11159
"대구광역시","직업 재활원 운영업",85,5691,420,1,16,11,13,452,4778,84,6664,580,-,-,3,23,737,5322,88,6983,478,-,9,20,10,506,5960
"대구광역시","종합복지관 운영업",269,3264,1195,45,63,6,82,896,977,283,4059,1402,11,57,10,109,1041,1429,295,4815,1485,38,122,10,135,1697,1328
"대구광역시","방문 복지서비스 제공업",848,17078,1753,702,12202,18,17,442,1944,873,20281,1797,-,16105,15,41,1244,1079,961,23069,2762,-,16996,-,215,1084,2012
"대구광역시","사회복지 상담 서비스 제공업",244,987,299,12,2,29,98,1,546,311,1188,430,-,-,4,126,11,617,346,1245,450,25,-,80,39,-,652
"대구광역시","그 외 기타 비거주 복지 서비스업",253,4585,616,21,84,20,20,1983,1841,264,4306,527,190,46,43,38,1746,1716,309,3971,731,-,154,12,175,1693,1207
"인천광역시","합계",4335,69860,6422,15245,22589,131,385,4235,20853,4452,78539,6837,15888,25069,97,994,5076,24577,4639,84728,8137,14027,25303,62,432,5762,31003
"인천광역시","사회복지 서비스업",4335,69860,6422,15245,22589,131,385,4235,20853,4452,78539,6837,15888,25069,97,994,5076,24577,4639,84728,8137,14027,25303,62,432,5762,31003
"인천광역시","거주 복지시설 운영업",646,11642,1755,283,6439,12,143,350,2660,687,12288,1734,268,6828,25,193,231,3010,722,13370,2002,124,7454,-,159,320,3311
"인천광역시","노인 거주 복지시설 운영업",497,9930,910,260,6376,6,119,4,2255,537,10342,800,212,6736,19,173,17,2385,579,11394,1128,-,7379,-,146,6,2735
"인천광역시","노인 요양 복지시설 운영업",463,9542,856,244,6194,6,116,4,2122,504,10011,761,212,6636,19,173,17,2193,548,11068,1087,-,7194,-,145,5,2637
"인천광역시","노인 양로 복지시설 운영업",34,388,54,16,182,0,3,0,133,33,331,39,-,100,-,-,-,192,31,326,41,-,185,-,1,1,97
"인천광역시","심신 장애인 거주 복지시설 운영업",84,1021,428,15,63,6,24,294,191,82,1093,449,-,84,3,19,162,377,78,1110,407,74,74,-,13,181,360
"인천광역시","신체 부자유자 거주 복지시설 운영업",57,782,285,15,58,6,23,292,103,58,853,297,-,84,3,8,162,300,55,870,245,74,71,-,13,181,286
"인천광역시","정신 질환, 정신 지체 및 약물 중독자 거주 복지시설 운영업",27,239,143,0,5,0,1,2,88,24,240,152,-,-,-,11,-,77,23,240,162,-,4,-,-,-,74
"인천광역시","기타 거주 복지시설 운영업",65,691,417,8,0,0,0,52,214,68,853,485,55,8,4,2,52,247,65,866,467,50,-,-,-,133,217
"인천광역시","아동 및 부녀자 거주 복지시설 운영업",55,591,358,8,0,0,0,52,173,56,740,423,55,8,2,1,52,200,53,749,413,50,-,-,-,133,153
"인천광역시","그 외 기타 거주 복지시설 운영업",10,100,59,0,0,0,0,0,41,12,113,62,-,-,2,1,-,48,12,117,54,-,-,-,-,-,63
"인천광역시","비거주 복지시설 운영업",3689,58218,4667,14962,16150,119,242,3885,18193,3765,66251,5103,15621,18242,72,801,4846,21567,3917,71358,6136,13904,17850,62,273,5442,27692
"인천광역시","보육시설 운영업",1911,17095,401,13735,93,40,15,7,2804,1818,17096,-,14966,-,-,-,-,2130,1783,16667,-,13594,-,-,-,-,3073
"인천광역시","보육시설 운영업",1911,17095,401,13735,93,40,15,7,2804,1818,17096,-,14966,-,-,-,-,2130,1783,16667,-,13594,-,-,-,-,3073
"인천광역시","기타 비거주 복지 서비스업",1778,41123,4266,1227,16057,79,227,3878,15389,1947,49155,5103,655,18242,72,801,4846,19436,2134,54691,6136,310,17850,62,273,5442,24619
"인천광역시","직업 재활원 운영업",69,9962,343,1,13,1,6,711,8887,79,14714,464,-,79,29,100,830,13212,81,13385,408,-,169,20,15,915,11860
"인천광역시","종합복지관 운영업",249,4869,1230,46,163,19,69,494,2848,267,3942,1358,49,157,20,68,789,1500,286,3630,1629,16,210,15,57,702,1001
"인천광역시","방문 복지서비스 제공업",874,20175,1531,993,15864,1,12,495,1279,953,24131,1872,261,17983,-,19,1163,2834,1022,26787,2537,108,16729,-,54,2431,4928
"인천광역시","사회복지 상담 서비스 제공업",218,1103,395,20,1,46,119,6,516,247,1236,526,-,-,23,230,-,457,300,1364,656,11,28,22,58,22,566
"인천광역시","그 외 기타 비거주 복지 서비스업",368,5014,767,167,16,12,21,2172,1859,401,5132,882,345,23,-,384,2064,1433,445,9525,906,175,714,5,89,1372,6264
"광주광역시","합계",2760,38495,5083,8557,11492,141,559,2864,9799,2843,42563,5308,8737,10764,252,196,4750,12556,2936,44794,5295,7638,13992,104,236,5149,12380
"광주광역시","사회복지 서비스업",2760,38495,5083,8557,11492,141,559,2864,9799,2843,42563,5308,8737,10764,252,196,4750,12556,2936,44794,5295,7638,13992,104,236,5149,12380
"광주광역시","거주 복지시설 운영업",296,3769,1264,50,1497,2,96,15,845,303,4102,1352,23,1625,-,50,21,1032,305,3993,1295,60,1473,2,92,125,946
"광주광역시","노인 거주 복지시설 운영업",124,2402,274,12,1493,0,81,2,540,123,2584,248,-,1603,-,39,2,693,132,2446,233,-,1459,-,63,15,676
"광주광역시","노인 요양 복지시설 운영업",116,2289,266,12,1410,0,81,1,519,116,2342,216,-,1440,-,39,2,646,124,2392,227,-,1435,-,63,15,652
"광주광역시","노인 양로 복지시설 운영업",8,113,8,0,83,0,0,1,21,7,242,32,-,163,-,-,-,47,8,54,6,-,24,-,-,-,24
"광주광역시","심신 장애인 거주 복지시설 운영업",91,741,507,0,0,1,15,13,205,92,830,571,9,17,-,11,19,203,94,924,582,19,14,-,30,110,170
"광주광역시","신체 부자유자 거주 복지시설 운영업",47,344,232,0,0,0,7,11,94,48,375,267,-,9,-,2,1,96,52,471,260,19,14,-,17,110,51
"광주광역시","정신 질환, 정신 지체 및 약물 중독자 거주 복지시설 운영업",44,397,275,0,0,1,8,2,111,44,455,304,9,8,-,9,18,107,42,453,322,-,-,-,13,-,119
"광주광역시","기타 거주 복지시설 운영업",81,626,483,38,4,1,0,0,100,88,688,533,14,5,-,-,-,136,79,623,480,42,-,2,-,-,100
"광주광역시","아동 및 부녀자 거주 복지시설 운영업",69,550,440,38,1,1,0,0,70,75,601,499,14,-,-,-,-,89,71,572,451,42,-,2,-,-,78
"광주광역시","그 외 기타 거주 복지시설 운영업",12,76,43,0,3,0,0,0,30,13,87,35,-,5,-,-,-,47,8,51,29,-,-,-,-,-,22
"광주광역시","비거주 복지시설 운영업",2464,34726,3819,8507,9995,139,463,2849,8954,2540,38461,3956,8715,9139,252,146,4728,11524,2631,40801,4000,7578,12519,102,144,5025,11434
"광주광역시","보육시설 운영업",1058,9504,297,7558,54,102,38,6,1449,1015,9489,12,7535,-,232,-,-,1711,973,9008,-,7324,-,101,-,-,1583
"광주광역시","보육시설 운영업",1058,9504,297,7558,54,102,38,6,1449,1015,9489,12,7535,-,232,-,-,1711,973,9008,-,7324,-,101,-,-,1583
"광주광역시","기타 비거주 복지 서비스업",1406,25222,3522,949,9941,37,425,2843,7505,1525,28972,3945,1180,9139,20,146,4728,9814,1658,31793,4000,254,12519,2,144,5025,9851
"광주광역시","직업 재활원 운영업",51,3075,305,3,27,3,43,356,2338,59,4812,324,21,7,4,16,343,4097,68,6328,421,-,-,-,12,419,5476
"광주광역시","종합복지관 운영업",360,3485,1157,122,191,2,7,551,1455,391,3658,1600,66,174,1,58,959,800,417,2899,1191,27,188,-,8,566,919
"광주광역시","방문 복지서비스 제공업",585,13547,1280,490,9414,2,8,459,1894,597,14964,1159,962,8865,-,-,1277,2701,664,16952,1573,111,12250,-,22,924,2072
"광주광역시","사회복지 상담 서비스 제공업",182,912,282,4,8,7,64,147,400,209,900,310,3,3,16,72,165,331,213,974,309,7,-,-,81,-,578
"광주광역시","그 외 기타 비거주 복지 서비스업",228,4203,498,330,301,23,303,1330,1418,269,4638,551,128,91,-,-,1984,1884,296,4640,507,109,80,2,22,3116,805
"대전광역시","합계",2612,37324,4800,8807,10432,99,191,2950,10045,2641,36224,4854,8759,11950,36,272,2283,8071,2726,38266,4923,7663,11767,33,228,3259,10393
"대전광역시","사회복지 서비스업",2612,37324,4800,8807,10432,99,191,2950,10045,2641,36224,4854,8759,11950,36,272,2283,8071,2726,38266,4923,7663,11767,33,228,3259,10393
"대전광역시","거주 복지시설 운영업",330,5362,1363,139,2371,12,74,114,1289,347,5885,1494,144,2432,9,92,14,1700,352,5928,1676,6,2683,-,68,1,1495
"대전광역시","노인 거주 복지시설 운영업",155,3700,290,88,2331,0,65,3,923,174,4100,304,143,2410,-,67,7,1169,182,4213,365,-,2682,-,53,1,1112
"대전광역시","노인 요양 복지시설 운영업",142,3533,276,84,2253,0,61,3,856,157,3874,280,143,2317,-,63,5,1065,168,4018,343,-,2600,-,51,1,1023
"대전광역시","노인 양로 복지시설 운영업",13,167,14,4,78,0,4,0,67,17,226,24,-,93,-,4,2,104,14,195,22,-,82,-,2,-,89
"대전광역시","심신 장애인 거주 복지시설 운영업",105,1040,677,0,0,3,6,111,243,105,1142,687,1,22,-,25,7,400,102,1056,803,2,-,-,12,-,239
"대전광역시","신체 부자유자 거주 복지시설 운영업",63,475,344,0,0,0,6,7,118,64,535,373,1,22,-,23,7,109,63,559,428,2,-,-,11,-,118
"대전광역시","정신 질환, 정신 지체 및 약물 중독자 거주 복지시설 운영업",42,565,333,0,0,3,0,104,125,41,607,315,-,-,-,2,-,290,39,497,375,-,-,-,2,-,121
"대전광역시","기타 거주 복지시설 운영업",70,622,396,51,40,9,3,0,123,68,643,502,-,-,9,-,-,132,68,659,508,4,1,-,2,-,144
"대전광역시","아동 및 부녀자 거주 복지시설 운영업",54,473,326,51,0,9,2,0,85,58,551,445,-,-,9,-,-,97,58,565,455,4,-,-,2,-,104
"대전광역시","그 외 기타 거주 복지시설 운영업",16,149,70,0,40,0,1,0,38,10,92,57,-,-,-,-,-,35,10,94,53,-,1,-,-,-,40
"대전광역시","비거주 복지시설 운영업",2282,31962,3437,8668,8061,87,117,2836,8756,2294,30339,3361,8614,9518,26,180,2269,6371,2374,32338,3248,7657,9084,33,160,3258,8898
"대전광역시","보육시설 운영업",1158,9864,267,7853,49,11,6,1,1677,1105,9679,-,7858,-,-,100,-,1721,1063,9209,-,7481,-,-,-,-,1728
"대전광역시","보육시설 운영업",1158,9864,267,7853,49,11,6,1,1677,1105,9679,-,7858,-,-,100,-,1721,1063,9209,-,7481,-,-,-,-,1728
"대전광역시","기타 비거주 복지 서비스업",1124,22098,3170,815,8012,76,111,2835,7079,1189,20660,3361,757,9518,26,80,2269,4649,1311,23129,3248,175,9084,33,160,3258,7170
"대전광역시","직업 재활원 운영업",57,5041,263,4,26,25,12,1146,3565,60,3138,334,-,14,15,29,1085,1660,66,3641,260,-,-,-,19,529,2833
"대전광역시","종합복지관 운영업",195,2916,1127,35,46,11,46,180,1471,210,2515,933,31,191,10,39,278,1033,241,2978,959,25,101,5,31,542,1315
"대전광역시","방문 복지서비스 제공업",496,10488,907,702,7711,14,10,371,773,514,11990,1083,685,9037,-,-,233,953,554,13181,1010,-,8814,-,-,1444,1913
"대전광역시","사회복지 상담 서비스 제공업",175,683,324,13,4,18,23,0,301,193,860,372,-,-,-,-,-,488,209,923,286,3,10,27,101,18,478
"대전광역시","그 외 기타 비거주 복지 서비스업",201,2970,549,61,225,8,20,1138,969,212,2157,639,41,275,2,12,673,515,241,2406,734,147,159,2,10,725,630
"울산광역시","합계",1525,20244,2641,6248,5263,74,127,662,5229,1562,20761,2664,6151,5832,57,70,943,5043,1610,21987,2859,5962,5263,54,128,1693,6029
"울산광역시","사회복지 서비스업",1525,20244,2641,6248,5263,74,127,662,5229,1562,20761,2664,6151,5832,57,70,943,5043,1610,21987,2859,5962,5263,54,128,1693,6029
"울산광역시","거주 복지시설 운영업",130,2175,677,73,815,0,35,2,573,130,2348,837,38,909,5,35,4,520,132,2380,801,10,941,-,40,7,580
"울산광역시","노인 거주 복지시설 운영업",65,1350,140,72,795,0,21,0,322,59,1411,129,-,909,-,20,4,350,63,1456,115,-,941,-,34,-,367
"울산광역시","노인 요양 복지시설 운영업",60,1326,135,72,786,0,21,0,312,55,1384,123,-,898,-,20,4,340,60,X,X,X,X,X,X,X,X
"울산광역시","노인 양로 복지시설 운영업",5,X,X,X,X,X,X,X,X,4,27,6,-,11,-,-,-,10,3,X,X,X,X,X,X,X,X
"울산광역시","심신 장애인 거주 복지시설 운영업",37,626,441,0,20,0,7,2,156,38,703,530,33,-,5,15,-,120,37,685,517,-,-,-,7,7,154
"울산광역시","신체 부자유자 거주 복지시설 운영업",26,364,237,0,20,0,5,2,100,27,418,313,33,-,5,13,-,54,27,406,312,-,-,-,7,7,80
"울산광역시","정신 질환, 정신 지체 및 약물 중독자 거주 복지시설 운영업",11,262,204,0,0,0,2,0,56,11,285,217,-,-,-,2,-,66,10,279,205,-,-,-,-,-,74
"울산광역시","기타 거주 복지시설 운영업",28,199,96,1,0,0,7,0,95,33,234,179,5,-,-,-,-,51,32,239,169,10,-,-,-,-,60
"울산광역시","아동 및 부녀자 거주 복지시설 운영업",24,183,91,1,0,0,0,0,91,31,X,X,X,X,X,X,X,X,29,X,X,X,X,X,X,X,X
"울산광역시","그 외 기타 거주 복지시설 운영업",4,X,X,X,X,X,X,X,X,2,X,X,X,X,X,X,X,X,3,X,X,X,X,X,X,X,X
"울산광역시","비거주 복지시설 운영업",1395,18069,1964,6175,4448,74,92,660,4656,1432,18413,1826,6113,4924,52,35,939,4523,1478,19607,2058,5952,4322,54,88,1686,5449
"울산광역시","보육시설 운영업",775,7275,239,5845,50,51,22,0,1068,726,7094,-,5982,-,48,-,-,1064,680,6728,-,5764,-,48,-,-,915
"울산광역시","보육시설 운영업",775,7275,239,5845,50,51,22,0,1068,726,7094,-,5982,-,48,-,-,1064,680,6728,-,5764,-,48,-,-,915
"울산광역시","기타 비거주 복지 서비스업",620,10794,1725,330,4398,23,70,660,3588,706,11319,1826,131,4924,4,35,939,3459,798,12879,2058,188,4322,5,88,1686,4533
"울산광역시","직업 재활원 운영업",37,845,130,0,13,2,8,1,691,43,1028,121,2,10,2,9,29,856,45,1410,137,-,36,2,13,-,1223
"울산광역시","종합복지관 운영업",83,1702,500,5,58,2,27,0,1110,108,1604,603,17,315,-,20,7,641,115,1478,512,29,101,-,22,135,680
"울산광역시","방문 복지서비스 제공업",263,5687,555,195,4196,1,6,95,639,294,6460,570,1,4584,-,6,223,1077,338,7279,832,66,4112,-,27,1037,1205
"울산광역시","사회복지 상담 서비스 제공업",68,354,149,5,0,17,14,0,169,82,374,156,2,-,-,-,-,215,102,535,175,-,-,4,27,-,329
"울산광역시","그 외 기타 비거주 복지 서비스업",169,2206,391,125,131,1,15,564,979,179,1853,376,109,15,3,-,680,669,198,2177,401,93,73,-,-,514,1096
"세종특별자치시","합계",533,7133,538,2894,974,25,34,104,2564,572,8081,760,3276,1077,37,35,308,2590,626,8544,626,3479,1353,42,66,444,2535
"세종특별자치시","사회복지 서비스업",533,7133,538,2894,974,25,34,104,2564,572,8081,760,3276,1077,37,35,308,2590,626,8544,626,3479,1353,42,66,444,2535
"세종특별자치시","거주 복지시설 운영업",34,503,143,14,172,0,6,0,168,34,576,199,8,217,1,7,7,137,37,614,206,12,252,-,8,-,135
"세종특별자치시","노인 거주 복지시설 운영업",18,321,38,0,172,0,4,0,107,18,354,38,8,216,1,6,-,85,20,388,48,-,250,-,6,-,83
"세종특별자치시","노인 요양 복지시설 운영업",17,313,34,0,172,0,4,0,103,17,X,X,X,X,X,X,X,X,19,X,X,X,X,X,X,X,X
"세종특별자치시","노인 양로 복지시설 운영업",1,X,X,X,X,X,X,X,X,1,X,X,X,X,X,X,X,X,1,X,X,X,X,X,X,X,X
"세종특별자치시","심신 장애인 거주 복지시설 운영업",11,135,80,13,0,0,1,0,41,11,171,118,-,1,-,1,7,44,11,169,128,-,2,-,2,-,37
"세종특별자치시","신체 부자유자 거주 복지시설 운영업",4,61,32,13,0,0,1,0,15,5,69,48,-,1,-,1,7,12,5,70,56,-,-,-,1,-,13
"세종특별자치시","정신 질환, 정신 지체 및 약물 중독자 거주 복지시설 운영업",7,74,48,0,0,0,0,0,26,6,102,70,-,-,-,-,-,32,6,99,72,-,2,-,1,-,24
"세종특별자치시","기타 거주 복지시설 운영업",5,47,25,1,0,0,1,0,20,5,51,43,-,-,-,-,-,8,6,57,30,12,-,-,-,-,15
"세종특별자치시","아동 및 부녀자 거주 복지시설 운영업",3,21,15,1,0,0,0,0,5,3,X,X,X,X,X,X,X,X,4,X,X,X,X,X,X,X,X
"세종특별자치시","그 외 기타 거주 복지시설 운영업",2,X,X,X,X,X,X,X,X,2,X,X,X,X,X,X,X,X,2,X,X,X,X,X,X,X,X
"세종특별자치시","비거주 복지시설 운영업",499,6630,395,2880,802,25,28,104,2396,538,7505,561,3268,860,36,27,301,2453,589,7930,419,3467,1101,42,57,444,2400
"세종특별자치시","보육시설 운영업",336,3542,30,2827,0,6,2,0,677,347,4034,-,3257,-,-,-,-,777,348,3955,-,3393,-,28,-,-,534
"세종특별자치시","보육시설 운영업",336,3542,30,2827,0,6,2,0,677,347,4034,-,3257,-,-,-,-,777,348,3955,-,3393,-,28,-,-,534
"세종특별자치시","기타 비거주 복지 서비스업",163,3088,365,53,802,19,26,104,1719,191,3471,561,10,860,36,27,301,1676,241,3975,419,74,1101,14,57,444,1866
"세종특별자치시","직업 재활원 운영업",14,1175,32,0,0,0,0,0,1143,10,1297,42,-,-,2,3,2,1248,10,1476,53,-,-,-,3,79,1341
"세종특별자치시","종합복지관 운영업",23,333,100,6,0,2,10,0,215,28,210,150,3,-,13,10,-,34,28,147,95,10,-,1,8,-,33
"세종특별자치시","방문 복지서비스 제공업",55,1191,124,0,801,0,0,102,164,57,1521,162,6,860,3,-,299,192,63,1832,178,-,1101,1,6,365,181
"세종특별자치시","사회복지 상담 서비스 제공업",42,182,33,5,0,17,16,0,111,57,231,41,2,-,18,14,-,157,85,294,29,23,-,12,40,-,190
"세종특별자치시","그 외 기타 비거주 복지 서비스업",29,207,76,42,1,0,0,2,86,39,212,167,-,-,-,-,-,45,55,226,64,41,-,-,-,-,121
"경기도","합계",19980,261646,27791,79354,79942,1057,1999,15042,56461,20602,278309,30445,80564,84779,1165,2222,15217,63918,21332,290850,28445,76281,104597,447,1928,17663,61490
"경기도","사회복지 서비스업",19980,261646,27791,79354,79942,1057,1999,15042,56461,20602,278309,30445,80564,84779,1165,2222,15217,63918,21332,290850,28445,76281,104597,447,1928,17663,61490
"경기도","거주 복지시설 운영업",2789,49400,8920,815,26903,68,818,746,11130,2990,53144,9345,2254,27328,106,851,764,12497,3185,56499,9910,48,32440,-,748,867,12485
"경기도","노인 거주 복지시설 운영업",2147,41481,4148,642,26623,61,650,131,9226,2332,44962,4589,1913,27102,88,707,163,10400,2508,48115,4566,-,32145,-,539,191,10674
"경기도","노인 요양 복지시설 운영업",1992,39405,3832,642,25579,59,618,103,8572,2174,42791,4298,1913,26086,88,668,138,9599,2346,45896,4299,-,31100,-,505,191,9802
"경기도","노인 양로 복지시설 운영업",155,2076,316,0,1044,2,32,28,654,158,2171,291,-,1015,-,39,25,801,162,2219,267,-,1045,-,34,-,872
"경기도","심신 장애인 거주 복지시설 운영업",362,5637,3286,19,237,5,161,615,1314,365,5701,3258,91,226,18,143,601,1364,363,5850,3474,3,285,-,209,676,1202
"경기도","신체 부자유자 거주 복지시설 운영업",195,3270,1862,9,188,3,111,385,712,197,3226,1890,72,56,12,85,412,699,194,3300,1812,3,217,-,145,449,674
"경기도","정신 질환, 정신 지체 및 약물 중독자 거주 복지시설 운영업",167,2367,1424,10,49,2,50,230,602,168,2475,1368,19,170,6,58,189,664,169,2550,1662,-,68,-,65,227,528
"경기도","기타 거주 복지시설 운영업",280,2282,1486,154,43,2,7,0,590,293,2481,1498,249,-,-,-,-,734,314,2534,1870,45,10,-,-,-,608
"경기도","아동 및 부녀자 거주 복지시설 운영업",233,1950,1340,153,12,2,0,0,443,241,2182,1339,249,-,-,-,-,594,266,2227,1737,45,-,-,-,-,445
"경기도","그 외 기타 거주 복지시설 운영업",47,332,146,1,31,0,7,0,147,52,299,159,-,-,-,-,-,140,48,307,133,-,10,-,-,-,164
"경기도","비거주 복지시설 운영업",17191,212246,18871,78539,53039,989,1181,14296,45331,17612,225165,21100,78310,57451,1059,1372,14453,51420,18147,234351,18534,76233,72157,447,1179,16795,49005
"경기도","보육시설 운영업",10586,90789,1638,73171,456,324,60,24,15116,10167,90313,242,73919,150,201,-,-,15801,9719,88312,-,73878,-,50,-,-,14384
"경기도","보육시설 운영업",10586,90789,1638,73171,456,324,60,24,15116,10167,90313,242,73919,150,201,-,-,15801,9719,88312,-,73878,-,50,-,-,14384
"경기도","기타 비거주 복지 서비스업",6605,121457,17233,5368,52583,665,1121,14272,30215,7445,134852,20858,4391,57301,858,1372,14453,35619,8428,146039,18534,2355,72157,397,1179,16795,34622
"경기도","직업 재활원 운영업",263,10455,1211,13,138,197,186,1896,6814,279,12699,1563,1,117,182,48,2111,8677,308,9607,1534,-,73,62,9,2568,5361
"경기도","종합복지관 운영업",1031,18145,5398,417,777,47,285,3247,7974,1202,18837,6049,1223,350,38,181,3111,7884,1299,20844,6814,644,582,53,230,3004,9516
"경기도","방문 복지서비스 제공업",3004,72809,6195,3801,51447,128,143,5285,5810,3245,82747,7522,2109,56118,139,303,6123,10433,3620,92232,5981,115,71185,27,255,7623,7046
"경기도","사회복지 상담 서비스 제공업",1029,4919,1610,42,13,212,395,21,2626,1315,6343,2421,120,-,475,557,-,2770,1563,6936,2362,285,-,84,648,78,3479
"경기도","그 외 기타 비거주 복지 서비스업",1278,15129,2819,1095,208,81,112,3823,6991,1404,14226,3303,938,716,24,284,3108,5853,1638,16420,1843,1311,316,171,37,3522,9219
"강원도","합계",2817,45849,5631,7567,13226,70,231,1430,17694,3240,51448,5765,7100,15114,63,252,1841,21312,3367,54050,6303,8539,16553,118,234,1568,20735
"강원도","사회복지 서비스업",2817,45849,5631,7567,13226,70,231,1430,17694,3240,51448,5765,7100,15114,63,252,1841,21312,3367,54050,6303,8539,16553,118,234,1568,20735
"강원도","거주 복지시설 운영업",526,8698,1778,139,4382,5,133,68,2193,538,8992,1941,38,4573,1,129,7,2304,544,9502,1915,18,4973,5,146,18,2427
"강원도","노인 거주 복지시설 운영업",373,7006,668,130,4287,0,103,20,1798,380,7153,677,36,4470,-,109,4,1857,384,7577,696,-,4884,-,117,5,1875
"강원도","노인 요양 복지시설 운영업",344,6774,637,127,4194,0,99,20,1697,349,6838,632,36,4317,-,104,4,1745,356,7294,663,-,4746,-,115,4,1766
"강원도","노인 양로 복지시설 운영업",29,232,31,3,93,0,4,0,101,31,315,45,-,153,-,5,-,112,28,283,33,-,138,-,2,1,109
"강원도","심신 장애인 거주 복지시설 운영업",85,1187,762,4,53,3,30,48,287,85,1249,839,2,65,1,19,3,320,87,1319,793,-,58,-,29,13,427
"강원도","신체 부자유자 거주 복지시설 운영업",56,757,469,2,46,3,25,37,175,55,773,504,2,55,1,11,3,197,57,841,498,-,57,-,20,13,254
"강원도","정신 질환, 정신 지체 및 약물 중독자 거주 복지시설 운영업",29,430,293,2,7,0,5,11,112,30,476,335,-,10,-,8,-,123,30,478,295,-,1,-,9,-,173
"강원도","기타 거주 복지시설 운영업",68,505,348,5,42,2,0,0,108,73,590,424,-,38,-,1,-,127,73,606,427,18,31,5,-,-,125
"강원도","아동 및 부녀자 거주 복지시설 운영업",52,351,274,5,0,2,0,0,70,56,439,357,-,3,-,-,-,79,59,463,350,18,-,5,-,-,90
"강원도","그 외 기타 거주 복지시설 운영업",16,154,74,0,42,0,0,0,38,17,151,67,-,35,-,1,-,48,14,143,77,-,31,-,-,-,35
"강원도","비거주 복지시설 운영업",2291,37151,3853,7428,8844,65,98,1362,15501,2702,42456,3825,7062,10542,62,123,1834,19008,2823,44548,4388,8521,11580,113,89,1551,18308
"강원도","보육시설 운영업",974,9087,150,6958,13,26,6,3,1931,954,9142,110,6695,-,19,-,-,2319,935,8978,-,7289,-,-,-,-,1689
"강원도","보육시설 운영업",974,9087,150,6958,13,26,6,3,1931,954,9142,110,6695,-,19,-,-,2319,935,8978,-,7289,-,-,-,-,1689
"강원도","기타 비거주 복지 서비스업",1317,28064,3703,470,8831,39,92,1359,13570,1748,33314,3715,367,10542,44,123,1834,16689,1888,35570,4388,1232,11580,113,89,1551,16619
"강원도","직업 재활원 운영업",74,8192,377,0,51,2,10,108,7644,79,10384,307,-,36,10,-,229,9803,82,9952,598,-,10,-,-,203,9141
"강원도","종합복지관 운영업",231,3814,992,75,164,1,46,448,2088,261,4082,941,57,42,1,58,725,2258,276,4558,1165,237,134,37,33,282,2670
"강원도","방문 복지서비스 제공업",450,11222,1008,296,8468,2,7,393,1048,488,13125,1145,26,10373,-,24,541,1016,525,14307,1152,882,11243,-,11,338,681
"강원도","사회복지 상담 서비스 제공업",167,826,368,5,6,28,15,28,376,205,934,387,11,-,29,22,-,485,238,992,476,3,-,76,4,26,407
"강원도","그 외 기타 비거주 복지 서비스업",395,4010,958,94,142,6,14,382,2414,715,4789,935,273,90,4,20,339,3127,767,5761,996,110,193,-,40,701,3721
"충청북도","합계",2778,39871,5377,8251,12397,123,224,2213,11286,2919,42329,6074,9581,13579,36,327,2143,10589,3055,45300,5831,9048,16149,22,203,2117,11929
"충청북도","사회복지 서비스업",2778,39871,5377,8251,12397,123,224,2213,11286,2919,42329,6074,9581,13579,36,327,2143,10589,3055,45300,5831,9048,16149,22,203,2117,11929
"충청북도","거주 복지시설 운영업",523,8346,1909,163,4097,10,91,88,1988,526,8628,1837,395,4237,6,134,14,2006,541,9038,2007,120,4811,-,98,29,1973
"충청북도","노인 거주 복지시설 운영업",350,6243,678,49,4008,4,68,19,1417,358,6565,606,263,4078,6,105,11,1497,378,6972,685,-,4809,-,74,15,1389
"충청북도","노인 요양 복지시설 운영업",322,6057,635,48,3923,4,68,18,1361,333,6380,575,263,3971,6,105,11,1449,353,6790,644,-,4707,-,74,15,1349
"충청북도","노인 양로 복지시설 운영업",28,186,43,1,85,0,0,1,56,25,185,30,-,107,-,-,-,48,25,182,41,-,101,-,-,-,40
"충청북도","심신 장애인 거주 복지시설 운영업",106,1435,896,3,44,1,23,69,399,103,1398,899,-,151,-,28,-,320,98,1383,984,-,2,-,23,14,360
"충청북도","신체 부자유자 거주 복지시설 운영업",57,796,511,2,17,1,15,65,185,58,773,480,-,127,-,18,-,149,56,744,554,-,2,-,9,-,179
"충청북도","정신 질환, 정신 지체 및 약물 중독자 거주 복지시설 운영업",49,639,385,1,27,0,8,4,214,45,625,419,-,24,-,11,-,171,42,639,430,-,-,-,15,14,181
"충청북도","기타 거주 복지시설 운영업",67,668,335,111,45,5,0,0,172,65,665,333,132,8,-,-,3,189,65,683,339,120,-,-,-,-,225
"충청북도","아동 및 부녀자 거주 복지시설 운영업",58,540,299,111,35,3,0,0,92,58,539,310,132,-,-,-,-,97,58,560,301,120,-,-,-,-,140
"충청북도","그 외 기타 거주 복지시설 운영업",9,128,36,0,10,2,0,0,80,7,126,23,-,8,-,-,3,92,7,123,38,-,-,-,-,-,85
"충청북도","비거주 복지시설 운영업",2255,31525,3468,8088,8300,113,133,2125,9298,2393,33701,4237,9186,9343,30,193,2129,8583,2514,36262,3824,8929,11338,22,105,2088,9956
"충청북도","보육시설 운영업",1057,9981,210,7759,58,34,14,4,1902,1037,10183,-,8136,-,-,-,-,2047,997,9737,-,8206,-,-,-,-,1531
"충청북도","보육시설 운영업",1057,9981,210,7759,58,34,14,4,1902,1037,10183,-,8136,-,-,-,-,2047,997,9737,-,8206,-,-,-,-,1531
"충청북도","기타 비거주 복지 서비스업",1198,21544,3258,329,8242,79,119,2121,7396,1356,23518,4237,1049,9343,30,193,2129,6537,1517,26525,3824,723,11338,22,105,2088,8424
"충청북도","직업 재활원 운영업",61,2980,313,6,34,0,2,270,2355,57,2146,324,2,17,5,2,302,1494,63,3983,344,-,32,9,7,260,3330
"충청북도","종합복지관 운영업",258,4430,1040,53,60,1,36,503,2737,290,4936,1242,34,75,1,74,569,2942,306,4545,1315,-,79,6,17,560,2569
"충청북도","방문 복지서비스 제공업",493,11169,1032,197,8145,52,19,561,1163,550,13112,1451,841,9251,-,27,483,1060,607,14233,1101,577,11034,-,15,475,1030
"충청북도","사회복지 상담 서비스 제공업",169,788,357,4,0,26,58,2,341,192,919,469,-,-,23,68,-,359,222,991,531,6,-,7,32,-,414
"충청북도","그 외 기타 비거주 복지 서비스업",217,2177,516,69,3,0,4,785,800,267,2405,752,172,-,-,23,776,683,319,2773,532,139,193,-,34,793,1081
"충청남도","합계",3881,56638,6493,11724,18624,108,338,3004,16347,4061,60216,7165,12949,18747,310,348,3981,16716,4297,63558,7516,11131,21479,83,467,3747,19136
"충청남도","사회복지 서비스업",3881,56638,6493,11724,18624,108,338,3004,16347,4061,60216,7165,12949,18747,310,348,3981,16716,4297,63558,7516,11131,21479,83,467,3747,19136
"충청남도","거주 복지시설 운영업",543,10201,2131,413,4720,4,138,163,2632,567,10627,2498,117,5048,1,112,96,2756,604,10873,2273,16,5453,9,111,147,2865
"충청남도","노인 거주 복지시설 운영업",366,7503,737,257,4591,4,90,66,1758,384,7961,687,41,4987,-,100,79,2067,413,8303,739,-,5420,-,80,6,2058
"충청남도","노인 요양 복지시설 운영업",344,7265,698,256,4461,4,89,66,1691,364,7769,657,41,4894,-,97,79,2001,397,8101,712,-,5307,-,80,-,2002
"충청남도","노인 양로 복지시설 운영업",22,238,39,1,130,0,1,0,67,20,192,29,-,93,-,3,-,67,16,202,28,-,112,-,-,6,56
"충청남도","심신 장애인 거주 복지시설 운영업",100,2014,923,84,126,0,48,95,738,99,1814,1260,-,56,1,12,17,469,99,1682,878,3,28,-,30,139,603
"충청남도","신체 부자유자 거주 복지시설 운영업",47,935,580,84,18,0,28,71,154,47,1014,758,-,52,1,12,3,188,47,971,479,3,28,-,18,137,307
"충청남도","정신 질환, 정신 지체 및 약물 중독자 거주 복지시설 운영업",53,1079,343,0,108,0,20,24,584,52,800,501,-,4,-,-,14,281,52,711,400,-,-,-,13,2,296
"충청남도","기타 거주 복지시설 운영업",77,684,471,72,3,0,0,2,136,84,852,552,76,5,-,-,-,219,92,888,656,13,5,9,-,2,204
"충청남도","아동 및 부녀자 거주 복지시설 운영업",66,633,429,72,0,0,0,2,130,74,799,524,76,-,-,-,-,199,78,809,609,13,-,9,-,-,177
"충청남도","그 외 기타 거주 복지시설 운영업",11,51,42,0,3,0,0,0,6,10,53,28,-,5,-,-,-,20,14,79,46,-,5,-,-,2,26
"충청남도","비거주 복지시설 운영업",3338,46437,4362,11311,13904,104,200,2841,13715,3494,49589,4666,12832,13699,309,237,3885,13961,3693,52685,5243,11115,16026,74,356,3600,16271
"충청남도","보육시설 운영업",1688,14522,213,10781,43,50,17,3,3415,1627,14382,21,11359,-,82,71,2,2848,1605,13928,-,10840,-,-,-,-,3088
"충청남도","보육시설 운영업",1688,14522,213,10781,43,50,17,3,3415,1627,14382,21,11359,-,82,71,2,2848,1605,13928,-,10840,-,-,-,-,3088
"충청남도","기타 비거주 복지 서비스업",1650,31915,4149,530,13861,54,183,2838,10300,1867,35207,4646,1472,13699,227,166,3883,11113,2088,38757,5243,275,16026,74,356,3600,13183
"충청남도","직업 재활원 운영업",78,6125,352,7,37,12,10,872,4835,80,6174,347,-,341,2,7,726,4751,82,7887,289,-,96,-,21,863,6617
"충청남도","종합복지관 운영업",327,5077,1240,63,240,20,89,786,2639,350,4442,1536,20,233,48,76,761,1767,385,5731,1455,228,396,21,81,773,2777
"충청남도","방문 복지서비스 제공업",722,17339,1463,371,13508,0,13,619,1365,797,20277,1681,1029,13036,-,45,1798,2688,865,21210,2346,-,15524,-,172,1195,1973
"충청남도","사회복지 상담 서비스 제공업",205,853,389,7,3,17,42,0,395,255,1030,306,-,20,37,37,8,621,309,1076,326,-,-,52,72,-,626
"충청남도","그 외 기타 비거주 복지 서비스업",318,2521,705,82,73,5,29,561,1066,385,3284,775,424,69,140,-,590,1286,447,2853,826,47,10,-,10,769,1190
"전라북도","합계",3577,53017,7384,9622,16403,175,444,2018,16971,3698,53901,8048,9983,16060,44,299,3056,16411,3863,55673,8125,9184,20567,169,282,2678,14667
"전라북도","사회복지 서비스업",3577,53017,7384,9622,16403,175,444,2018,16971,3698,53901,8048,9983,16060,44,299,3056,16411,3863,55673,8125,9184,20567,169,282,2678,14667
"전라북도","거주 복지시설 운영업",497,7863,1900,162,3501,8,122,88,2082,517,8231,2052,209,3861,10,131,103,1865,528,8787,2248,92,3773,9,149,275,2241
"전라북도","노인 거주 복지시설 운영업",302,5833,613,110,3485,5,74,17,1529,313,5861,612,123,3769,-,115,18,1223,323,6161,564,-,3752,-,83,8,1754
"전라북도","노인 요양 복지시설 운영업",264,5329,525,110,3221,3,71,17,1382,281,5399,559,121,3482,-,110,18,1109,288,5741,491,-,3537,-,82,8,1623
"전라북도","노인 양로 복지시설 운영업",38,504,88,0,264,2,3,0,147,32,462,53,2,287,-,5,-,114,35,420,73,-,215,-,1,-,131
"전라북도","심신 장애인 거주 복지시설 운영업",101,1337,829,10,14,1,48,71,364,110,1601,1057,-,73,10,16,85,361,106,1813,1102,33,21,-,65,267,325
"전라북도","신체 부자유자 거주 복지시설 운영업",58,792,488,10,14,1,32,66,181,65,933,625,-,26,10,11,81,181,62,1184,673,33,17,-,45,267,149
"전라북도","정신 질환, 정신 지체 및 약물 중독자 거주 복지시설 운영업",43,545,341,0,0,0,16,5,183,45,668,432,-,47,-,5,4,180,44,629,428,-,4,-,20,-,176
"전라북도","기타 거주 복지시설 운영업",94,693,458,42,2,2,0,0,189,94,769,383,86,20,-,-,-,281,99,813,583,59,-,9,-,-,162
"전라북도","아동 및 부녀자 거주 복지시설 운영업",86,608,403,42,0,2,0,0,161,87,685,330,86,20,-,-,-,250,91,724,537,59,-,9,-,-,119
"전라북도","그 외 기타 거주 복지시설 운영업",8,85,55,0,2,0,0,0,28,7,84,53,-,-,-,-,-,31,8,89,46,-,-,-,-,-,43
"전라북도","비거주 복지시설 운영업",3080,45154,5484,9460,12902,167,322,1930,14889,3181,45670,5996,9774,12199,34,168,2953,14546,3335,46886,5877,9092,16794,160,134,2403,12426
"전라북도","보육시설 운영업",1181,10582,240,8336,52,79,30,0,1845,1127,10365,112,7672,-,-,-,-,2581,1074,9616,-,8417,-,120,-,-,1079
"전라북도","보육시설 운영업",1181,10582,240,8336,52,79,30,0,1845,1127,10365,112,7672,-,-,-,-,2581,1074,9616,-,8417,-,120,-,-,1079
"전라북도","기타 비거주 복지 서비스업",1899,34572,5244,1124,12850,88,292,1930,13044,2054,35305,5884,2102,12199,34,168,2953,11965,2261,37270,5877,675,16794,40,134,2403,11347
"전라북도","직업 재활원 운영업",110,7587,555,1,224,2,18,119,6668,108,5159,585,-,111,-,-,316,4147,110,4938,471,-,171,6,77,352,3861
"전라북도","종합복지관 운영업",391,4662,1657,219,72,20,62,635,1997,444,4580,1703,12,310,30,60,348,2118,472,4971,1677,70,401,27,41,438,2317
"전라북도","방문 복지서비스 제공업",788,17610,1798,694,12327,42,150,241,2358,828,20124,1929,1689,11423,4,95,1447,3538,913,21646,2375,604,15670,2,11,612,2371
"전라북도","사회복지 상담 서비스 제공업",221,825,384,5,2,17,48,0,369,230,827,459,-,15,-,-,-,353,264,925,475,-,-,5,-,29,416
"전라북도","그 외 기타 비거주 복지 서비스업",389,3888,850,205,225,7,14,935,1652,444,4615,1207,401,340,-,14,843,1810,502,4790,878,-,553,-,5,972,2382
"전라남도","합계",3366,50387,7148,9271,16954,190,322,2470,14032,3594,52686,7489,8269,17099,384,616,3381,15448,3801,55288,7391,9692,20641,41,279,3590,13654
"전라남도","사회복지 서비스업",3366,50387,7148,9271,16954,190,322,2470,14032,3594,52686,7489,8269,17099,384,616,3381,15448,3801,55288,7391,9692,20641,41,279,3590,13654
"전라남도","거주 복지시설 운영업",564,9016,2002,226,4514,16,111,36,2111,582,9526,2113,166,4550,18,104,79,2496,594,9587,2258,169,4716,-,123,7,2314
"전라남도","노인 거주 복지시설 운영업",382,7051,722,149,4498,0,76,22,1584,382,7241,724,32,4453,-,67,38,1926,397,7262,801,-,4677,-,100,-,1685
"전라남도","노인 요양 복지시설 운영업",353,6799,680,149,4390,0,75,22,1483,356,6993,690,31,4346,-,67,38,1820,368,7019,758,-,4565,-,99,-,1597
"전라남도","노인 양로 복지시설 운영업",29,252,42,0,108,0,1,0,101,26,248,34,1,107,-,-,-,106,29,243,43,-,112,-,1,-,87
"전라남도","심신 장애인 거주 복지시설 운영업",78,1083,692,2,2,4,33,14,336,84,1266,782,-,84,7,31,36,326,83,1295,903,-,37,-,19,7,330
"전라남도","신체 부자유자 거주 복지시설 운영업",50,726,493,2,2,2,26,13,188,53,825,543,-,63,5,29,36,150,54,828,609,-,8,-,19,7,185
"전라남도","정신 질환, 정신 지체 및 약물 중독자 거주 복지시설 운영업",28,357,199,0,0,2,7,1,148,31,441,239,-,21,3,2,-,176,29,467,294,-,29,-,-,-,145
"전라남도","기타 거주 복지시설 운영업",104,882,588,75,14,12,2,0,191,116,1019,607,134,13,11,6,5,244,114,1030,555,169,3,-,4,-,299
"전라남도","아동 및 부녀자 거주 복지시설 운영업",88,766,528,75,0,5,1,0,157,99,908,549,134,13,11,5,5,192,98,922,504,169,-,-,4,-,245
"전라남도","그 외 기타 거주 복지시설 운영업",16,116,60,0,14,7,1,0,34,17,111,58,-,-,-,1,-,52,16,108,52,-,3,-,-,-,54
"전라남도","비거주 복지시설 운영업",2802,41371,5146,9045,12440,174,211,2434,11921,3012,43160,5376,8103,12550,366,512,3301,12952,3207,45701,5133,9523,15925,41,156,3583,11340
"전라남도","보육시설 운영업",1064,10781,326,8127,85,69,55,0,2119,1061,10971,87,7448,-,316,224,39,2857,1037,10439,-,8319,-,-,-,-,2120
"전라남도","보육시설 운영업",1064,10781,326,8127,85,69,55,0,2119,1061,10971,87,7448,-,316,224,39,2857,1037,10439,-,8319,-,-,-,-,2120
"전라남도","기타 비거주 복지 서비스업",1738,30590,4820,918,12355,105,156,2434,9802,1951,32189,5289,655,12550,50,288,3262,10096,2170,35262,5133,1204,15925,41,156,3583,9220
"전라남도","직업 재활원 운영업",76,4263,451,1,29,2,20,276,3484,80,3848,363,-,116,12,24,504,2829,87,3385,410,-,122,6,31,346,2469
"전라남도","종합복지관 운영업",440,4961,1483,137,201,14,42,724,2360,500,5327,1938,35,65,12,83,800,2395,503,6083,1836,75,415,3,50,865,2839
"전라남도","방문 복지서비스 제공업",710,16205,1506,612,11948,33,41,440,1625,767,17457,1698,489,12163,-,34,942,2132,865,19923,1517,758,15224,-,40,1278,1106
"전라남도","사회복지 상담 서비스 제공업",158,636,315,0,0,31,18,0,272,175,709,266,3,-,1,106,-,333,208,745,371,4,-,25,-,-,345
"전라남도","그 외 기타 비거주 복지 서비스업",354,4525,1065,168,177,25,35,994,2061,429,4848,1023,128,206,26,41,1017,2407,507,5126,999,367,164,7,34,1095,2461
"경상북도","합계",4538,70960,9078,12856,24709,226,422,2781,20888,4770,81396,9323,13172,30269,113,375,2790,25353,4953,83940,10071,11128,29668,393,355,4204,28122
"경상북도","사회복지 서비스업",4538,70960,9078,12856,24709,226,422,2781,20888,4770,81396,9323,13172,30269,113,375,2790,25353,4953,83940,10071,11128,29668,393,355,4204,28122
"경상북도","거주 복지시설 운영업",733,12750,2979,220,6404,11,130,54,2952,765,14225,3255,145,7013,-,169,23,3619,760,14460,3230,13,7915,-,220,36,3046
"경상북도","노인 거주 복지시설 운영업",534,10103,1122,216,6301,7,110,13,2334,564,11109,1075,128,6968,-,156,-,2782,554,11178,1012,-,7626,-,175,25,2340
"경상북도","노인 요양 복지시설 운영업",472,9472,1021,216,5955,7,102,13,2158,503,10373,935,126,6550,-,155,-,2607,495,10461,887,-,7228,-,169,20,2157
"경상북도","노인 양로 복지시설 운영업",62,631,101,0,346,0,8,0,176,61,736,140,2,418,-,1,-,175,59,717,125,-,398,-,6,5,183
"경상북도","심신 장애인 거주 복지시설 운영업",127,1970,1380,4,79,4,18,40,445,123,2304,1598,1,18,-,13,23,651,127,2434,1630,-,258,-,41,-,505
"경상북도","신체 부자유자 거주 복지시설 운영업",73,1053,738,0,79,3,10,3,220,71,1287,855,-,18,-,6,-,409,73,1338,846,-,237,-,22,-,233
"경상북도","정신 질환, 정신 지체 및 약물 중독자 거주 복지시설 운영업",54,917,642,4,0,1,8,37,225,52,1017,744,1,-,-,6,23,243,54,1096,784,-,22,-,19,-,272
"경상북도","기타 거주 복지시설 운영업",72,677,477,0,24,0,2,1,173,78,812,582,16,28,-,-,-,186,79,848,588,13,30,-,5,11,202
"경상북도","아동 및 부녀자 거주 복지시설 운영업",55,547,413,0,6,0,2,1,125,61,674,516,16,-,-,-,-,142,61,650,508,13,-,-,-,-,129
"경상북도","그 외 기타 거주 복지시설 운영업",17,130,64,0,18,0,0,0,48,17,138,66,-,28,-,-,-,44,18,198,80,-,30,-,5,11,72
"경상북도","비거주 복지시설 운영업",3805,58210,6099,12636,18305,215,292,2727,17936,4005,67171,6068,13027,23256,113,207,2766,21734,4193,69480,6841,11115,21753,393,135,4168,25075
"경상북도","보육시설 운영업",1689,15027,372,11522,31,171,68,2,2861,1626,15037,16,12363,-,110,79,-,2469,1543,14203,109,10755,-,354,-,-,2985
"경상북도","보육시설 운영업",1689,15027,372,11522,31,171,68,2,2861,1626,15037,16,12363,-,110,79,-,2469,1543,14203,109,10755,-,354,-,-,2985
"경상북도","기타 비거주 복지 서비스업",2116,43183,5727,1114,18274,44,224,2725,15075,2379,52134,6052,664,23256,3,128,2766,19265,2650,55277,6732,360,21753,39,135,4168,22090
"경상북도","직업 재활원 운영업",97,7464,487,0,175,1,4,499,6298,102,10766,546,5,64,1,34,436,9680,106,11011,659,-,56,2,-,537,9757
"경상북도","종합복지관 운영업",386,5856,1715,140,33,12,114,1196,2646,427,6664,1654,336,63,2,52,1075,3482,442,5739,1737,75,131,5,71,1508,2212
"경상북도","방문 복지서비스 제공업",987,24915,2173,811,17942,5,13,119,3852,1082,29538,2465,-,23047,-,1,172,3853,1222,32718,3018,69,21473,-,-,726,7431
"경상북도","사회복지 상담 서비스 제공업",222,1089,434,0,0,18,81,4,552,262,1047,543,-,-,-,34,-,470,286,1102,470,17,-,32,61,5,517
"경상북도","그 외 기타 비거주 복지 서비스업",424,3859,918,163,124,8,12,907,1727,506,4119,843,322,82,-,8,1084,1780,594,4707,848,198,93,-,3,1393,2173
"경상남도","합계",5399,75186,8127,18138,24663,206,398,4408,19246,5643,81906,9329,17301,27928,98,457,7157,19636,5845,85287,11437,16668,25954,95,510,11609,19014
"경상남도","사회복지 서비스업",5399,75186,8127,18138,24663,206,398,4408,19246,5643,81906,9329,17301,27928,98,457,7157,19636,5845,85287,11437,16668,25954,95,510,11609,19014
"경상남도","거주 복지시설 운영업",549,9653,2201,290,4553,9,126,26,2448,560,10318,2350,53,5165,7,176,87,2480,575,10683,2457,39,5145,-,138,118,2785
"경상남도","노인 거주 복지시설 운영업",326,7327,599,265,4505,7,101,13,1837,330,7683,530,10,5092,-,114,55,1883,341,7928,590,-,5100,-,108,2,2128
"경상남도","노인 요양 복지시설 운영업",293,6970,545,261,4324,7,100,13,1720,300,7335,493,-,4931,-,114,55,1743,307,7571,553,-,4898,-,108,2,2010
"경상남도","노인 양로 복지시설 운영업",33,357,54,4,181,0,1,0,117,30,348,37,10,162,-,-,-,140,34,357,37,-,202,-,-,-,118
"경상남도","심신 장애인 거주 복지시설 운영업",119,1533,1030,1,45,1,24,13,419,120,1729,1194,-,26,5,61,33,410,120,1793,1145,-,45,-,28,116,459
"경상남도","신체 부자유자 거주 복지시설 운영업",72,876,616,0,29,1,14,5,211,74,1020,754,-,2,5,48,33,178,73,1063,724,-,2,-,13,113,211
"경상남도","정신 질환, 정신 지체 및 약물 중독자 거주 복지시설 운영업",47,657,414,1,16,0,10,8,208,46,709,440,-,24,-,13,-,232,47,730,421,-,44,-,15,3,248
"경상남도","기타 거주 복지시설 운영업",104,793,572,24,3,1,1,0,192,110,906,626,43,47,2,1,-,188,114,962,723,39,-,-,2,-,198
"경상남도","아동 및 부녀자 거주 복지시설 운영업",89,649,510,24,0,1,1,0,113,95,733,548,43,47,-,-,-,96,96,780,623,39,-,-,2,-,117
"경상남도","그 외 기타 거주 복지시설 운영업",15,144,62,0,3,0,0,0,79,15,173,78,-,-,2,1,-,92,18,182,100,-,-,-,-,-,82
"경상남도","비거주 복지시설 운영업",4850,65533,5926,17848,20110,197,272,4382,16798,5083,71588,6979,17249,22763,91,282,7070,17155,5270,74604,8980,16630,20808,95,372,11491,16229
"경상남도","보육시설 운영업",2500,20576,534,16269,36,107,37,7,3586,2353,20301,72,16566,-,86,108,-,3468,2233,18883,-,16309,-,49,-,-,2525
"경상남도","보육시설 운영업",2500,20576,534,16269,36,107,37,7,3586,2353,20301,72,16566,-,86,108,-,3468,2233,18883,-,16309,-,49,-,-,2525
"경상남도","기타 비거주 복지 서비스업",2350,44957,5392,1579,20074,90,235,4375,13212,2730,51287,6907,682,22763,4,174,7070,13687,3037,55721,8980,321,20808,46,372,11491,13704
"경상남도","직업 재활원 운영업",109,7593,543,0,189,3,32,643,6183,124,7980,733,2,128,3,20,670,6424,131,7294,788,-,93,3,27,604,5779
"경상남도","종합복지관 운영업",373,4564,1282,151,234,19,47,888,1943,424,4650,1509,45,60,1,69,981,1984,430,4320,1755,187,41,18,85,828,1406
"경상남도","방문 복지서비스 제공업",1143,26427,2183,1303,19282,29,34,982,2614,1277,32091,2965,583,22059,-,23,2847,3614,1434,36246,4860,-,20286,-,41,6562,4497
"경상남도","사회복지 상담 서비스 제공업",294,961,403,5,2,31,101,2,417,353,1189,660,17,-,-,62,-,451,403,1310,511,-,-,24,189,-,587
"경상남도","그 외 기타 비거주 복지 서비스업",431,5412,981,120,367,8,21,1860,2055,552,5377,1040,36,516,-,-,2571,1214,639,6551,1066,133,389,1,31,3497,1435
"제주특별자치도","합계",1070,16497,2541,4227,3319,69,135,1228,4978,1098,16753,2557,4459,3252,162,148,1286,4889,1168,16651,2560,4491,3458,91,112,1214,4724
"제주특별자치도","사회복지 서비스업",1070,16497,2541,4227,3319,69,135,1228,4978,1098,16753,2557,4459,3252,162,148,1286,4889,1168,16651,2560,4491,3458,91,112,1214,4724
"제주특별자치도","거주 복지시설 운영업",147,3465,813,20,1607,0,54,104,867,148,3608,879,10,1672,-,72,5,970,156,3733,934,4,1816,1,54,-,924
"제주특별자치도","노인 거주 복지시설 운영업",79,2573,178,6,1604,0,40,104,641,78,2697,181,-,1668,-,52,3,794,80,2798,224,-,1813,-,40,-,722
"제주특별자치도","노인 요양 복지시설 운영업",76,2545,166,6,1599,0,39,104,631,76,X,X,X,X,X,X,X,X,77,2767,214,-,1803,-,39,-,712
"제주특별자치도","노인 양로 복지시설 운영업",3,28,12,0,5,0,1,0,10,2,X,X,X,X,X,X,X,X,3,31,10,-,10,-,1,-,10
"제주특별자치도","심신 장애인 거주 복지시설 운영업",32,538,356,12,3,0,13,0,154,33,527,388,8,4,-,19,2,106,35,528,380,-,4,-,13,-,131
"제주특별자치도","신체 부자유자 거주 복지시설 운영업",16,251,160,2,0,0,4,0,85,16,261,196,8,4,-,6,-,47,18,263,196,-,4,-,5,-,59
"제주특별자치도","정신 질환, 정신 지체 및 약물 중독자 거주 복지시설 운영업",16,287,196,10,3,0,9,0,69,17,266,192,-,-,-,13,2,59,17,265,184,-,-,-,9,-,72
"제주특별자치도","기타 거주 복지시설 운영업",36,354,279,2,0,0,1,0,72,37,384,311,2,-,-,1,-,70,41,407,330,4,-,1,1,-,71
"제주특별자치도","아동 및 부녀자 거주 복지시설 운영업",30,286,244,2,0,0,1,0,39,30,311,259,2,-,-,-,-,50,33,332,279,4,-,1,-,-,48
"제주특별자치도","그 외 기타 거주 복지시설 운영업",6,68,35,0,0,0,0,0,33,7,73,52,-,-,-,1,-,20,8,75,51,-,-,-,1,-,23
"제주특별자치도","비거주 복지시설 운영업",923,13032,1728,4207,1712,69,81,1124,4111,950,13145,1678,4449,1580,162,76,1281,3919,1012,12918,1626,4487,1642,90,58,1214,3800
"제주특별자치도","보육시설 운영업",483,5679,192,4136,14,39,12,0,1286,477,5560,30,4294,-,94,9,-,1133,463,5286,-,4292,-,52,-,-,942
"제주특별자치도","보육시설 운영업",483,5679,192,4136,14,39,12,0,1286,477,5560,30,4294,-,94,9,-,1133,463,5286,-,4292,-,52,-,-,942
"제주특별자치도","기타 비거주 복지 서비스업",440,7353,1536,71,1698,30,69,1124,2825,473,7585,1648,156,1580,68,67,1281,2786,549,7632,1626,195,1642,38,58,1214,2859
"제주특별자치도","직업 재활원 운영업",33,1650,159,0,48,2,1,10,1430,30,1474,161,6,57,-,9,-,1242,32,943,158,-,58,2,1,-,724
"제주특별자치도","종합복지관 운영업",97,1220,497,13,12,11,19,283,385,105,1263,540,9,8,17,15,291,383,113,1244,582,19,-,22,25,208,387
"제주특별자치도","방문 복지서비스 제공업",119,2515,370,55,1535,1,6,186,362,128,2811,439,139,1506,3,16,350,358,143,3046,373,-,1577,-,16,235,845
"제주특별자치도","사회복지 상담 서비스 제공업",89,465,179,2,3,13,36,7,225,99,465,219,1,3,46,24,9,163,135,476,162,7,2,14,3,-,287
"제주특별자치도","그 외 기타 비거주 복지 서비스업",102,1503,331,1,100,3,7,638,423,111,1572,289,-,7,1,4,631,641,126,1923,351,169,5,-,12,771,615
